<CanvasWidget xmlns="runtime-namespace:Game">

	<CanvasWidget Size="640, 460" ClampToBounds="true" HorizontalAlignment="Center" VerticalAlignment="Center">
    <BevelledRectangleWidget Style="{Styles/DialogArea}" />
		<StackPanelWidget Direction="Vertical" HorizontalAlignment="Center" VerticalAlignment="Near" Margin="0, 15">

			<LabelWidget  Text="[EditTruthTableDialog:1]" HorizontalAlignment="Center"/>

			<CanvasWidget Size="0, 5" />

			<CanvasWidget Size="Infinity, 50">
				<LabelWidget  Color="128, 128, 128" Text="[EditTruthTableDialog:2]" HorizontalAlignment="Center" TextAnchor="HorizontalCenter" WordWrap="true" Margin="30, 0"/>
			</CanvasWidget>

			<CanvasWidget Size="0, 15" />

			<CanvasWidget Name="EditTruthTableDialog.GridPanel" Margin="20, 0">

        <BevelledRectangleWidget Style="{Styles/Area}" />
				<ScrollPanelWidget Direction="Vertical" Margin="3, 3">

					<StackPanelWidget Direction="Vertical" HorizontalAlignment="Center">

						<LabelWidget Text="[EditTruthTableDialog:3]"  FontScale="1.2" Color="255, 255, 255" TextureLinearFilter="false" Margin="10, 10" VerticalAlignment="Center" HorizontalAlignment="Center"/>

						<StackPanelWidget Direction="Horizontal" HorizontalAlignment="Center">
							<LabelWidget Text="[EditTruthTableDialog:4]" FontSpacing="12,0" FontScale="1.5" Color="128, 128, 128" TextureLinearFilter="false" Margin="10, 10" VerticalAlignment="Center"/>
							<CanvasWidget Size="80, 0" />
							<CheckboxWidget Name="EditTruthTableDialog.Line0" CheckboxSize="32, 32" IsAutoCheckingEnabled="false" Margin="0, 10" VerticalAlignment="Center"/>
						</StackPanelWidget>

						<StackPanelWidget Direction="Horizontal" HorizontalAlignment="Center">
							<LabelWidget Text="[EditTruthTableDialog:5]" FontSpacing="12,0" FontScale="1.5" Color="128, 128, 128" TextureLinearFilter="false" Margin="10, 10" VerticalAlignment="Center"/>
							<CanvasWidget Size="80, 0" />
							<CheckboxWidget Name="EditTruthTableDialog.Line1" CheckboxSize="32, 32" IsAutoCheckingEnabled="false" Margin="0, 10" VerticalAlignment="Center"/>
						</StackPanelWidget>

						<StackPanelWidget Direction="Horizontal" HorizontalAlignment="Center">
							<LabelWidget Text="[EditTruthTableDialog:6]" FontSpacing="12,0" FontScale="1.5" Color="128, 128, 128" TextureLinearFilter="false" Margin="10, 10" VerticalAlignment="Center"/>
							<CanvasWidget Size="80, 0" />
							<CheckboxWidget Name="EditTruthTableDialog.Line2" CheckboxSize="32, 32" IsAutoCheckingEnabled="false" Margin="0, 10" VerticalAlignment="Center"/>
						</StackPanelWidget>

						<StackPanelWidget Direction="Horizontal" HorizontalAlignment="Center">
							<LabelWidget Text="[EditTruthTableDialog:7]" FontSpacing="12,0" FontScale="1.5" Color="128, 128, 128" TextureLinearFilter="false" Margin="10, 10" VerticalAlignment="Center"/>
							<CanvasWidget Size="80, 0" />
							<CheckboxWidget Name="EditTruthTableDialog.Line3" CheckboxSize="32, 32" IsAutoCheckingEnabled="false" Margin="0, 10" VerticalAlignment="Center"/>
						</StackPanelWidget>

						<StackPanelWidget Direction="Horizontal" HorizontalAlignment="Center">
							<LabelWidget Text="[EditTruthTableDialog:8]" FontSpacing="12,0" FontScale="1.5" Color="128, 128, 128" TextureLinearFilter="false" Margin="10, 10" VerticalAlignment="Center"/>
							<CanvasWidget Size="80, 0" />
							<CheckboxWidget Name="EditTruthTableDialog.Line4" CheckboxSize="32, 32" IsAutoCheckingEnabled="false" Margin="0, 10" VerticalAlignment="Center"/>
						</StackPanelWidget>

						<StackPanelWidget Direction="Horizontal" HorizontalAlignment="Center">
							<LabelWidget Text="[EditTruthTableDialog:9]" FontSpacing="12,0" FontScale="1.5" Color="128, 128, 128" TextureLinearFilter="false" Margin="10, 10" VerticalAlignment="Center"/>
							<CanvasWidget Size="80, 0" />
							<CheckboxWidget Name="EditTruthTableDialog.Line5" CheckboxSize="32, 32" IsAutoCheckingEnabled="false" Margin="0, 10" VerticalAlignment="Center"/>
						</StackPanelWidget>

						<StackPanelWidget Direction="Horizontal" HorizontalAlignment="Center">
							<LabelWidget Text="[EditTruthTableDialog:10]" FontSpacing="12,0" FontScale="1.5" Color="128, 128, 128" TextureLinearFilter="false" Margin="10, 10" VerticalAlignment="Center"/>
							<CanvasWidget Size="80, 0" />
							<CheckboxWidget Name="EditTruthTableDialog.Line6" CheckboxSize="32, 32" IsAutoCheckingEnabled="false" Margin="0, 10" VerticalAlignment="Center"/>
						</StackPanelWidget>

						<StackPanelWidget Direction="Horizontal" HorizontalAlignment="Center">
							<LabelWidget Text="[EditTruthTableDialog:11]" FontSpacing="12,0" FontScale="1.5" Color="128, 128, 128" TextureLinearFilter="false" Margin="10, 10" VerticalAlignment="Center"/>
							<CanvasWidget Size="80, 0" />
							<CheckboxWidget Name="EditTruthTableDialog.Line7" CheckboxSize="32, 32" IsAutoCheckingEnabled="false" Margin="0, 10" VerticalAlignment="Center"/>
						</StackPanelWidget>

						<StackPanelWidget Direction="Horizontal" HorizontalAlignment="Center">
							<LabelWidget Text="[EditTruthTableDialog:12]" FontSpacing="12,0" FontScale="1.5" Color="128, 128, 128" TextureLinearFilter="false" Margin="10, 10" VerticalAlignment="Center"/>
							<CanvasWidget Size="80, 0" />
							<CheckboxWidget Name="EditTruthTableDialog.Line8" CheckboxSize="32, 32" IsAutoCheckingEnabled="false" Margin="0, 10" VerticalAlignment="Center"/>
						</StackPanelWidget>

						<StackPanelWidget Direction="Horizontal" HorizontalAlignment="Center">
							<LabelWidget Text="[EditTruthTableDialog:13]" FontSpacing="12,0" FontScale="1.5" Color="128, 128, 128" TextureLinearFilter="false" Margin="10, 10" VerticalAlignment="Center"/>
							<CanvasWidget Size="80, 0" />
							<CheckboxWidget Name="EditTruthTableDialog.Line9" CheckboxSize="32, 32" IsAutoCheckingEnabled="false" Margin="0, 10" VerticalAlignment="Center"/>
						</StackPanelWidget>

						<StackPanelWidget Direction="Horizontal" HorizontalAlignment="Center">
							<LabelWidget Text="[EditTruthTableDialog:14]" FontSpacing="12,0" FontScale="1.5" Color="128, 128, 128" TextureLinearFilter="false" Margin="10, 10" VerticalAlignment="Center"/>
							<CanvasWidget Size="80, 0" />
							<CheckboxWidget Name="EditTruthTableDialog.Line10" CheckboxSize="32, 32" IsAutoCheckingEnabled="false" Margin="0, 10" VerticalAlignment="Center"/>
						</StackPanelWidget>

						<StackPanelWidget Direction="Horizontal" HorizontalAlignment="Center">
							<LabelWidget Text="[EditTruthTableDialog:15]" FontSpacing="12,0" FontScale="1.5" Color="128, 128, 128" TextureLinearFilter="false" Margin="10, 10" VerticalAlignment="Center"/>
							<CanvasWidget Size="80, 0" />
							<CheckboxWidget Name="EditTruthTableDialog.Line11" CheckboxSize="32, 32" IsAutoCheckingEnabled="false" Margin="0, 10" VerticalAlignment="Center"/>
						</StackPanelWidget>

						<StackPanelWidget Direction="Horizontal" HorizontalAlignment="Center">
							<LabelWidget Text="[EditTruthTableDialog:16]" FontSpacing="12,0" FontScale="1.5" Color="128, 128, 128" TextureLinearFilter="false" Margin="10, 10" VerticalAlignment="Center"/>
							<CanvasWidget Size="80, 0" />
							<CheckboxWidget Name="EditTruthTableDialog.Line12" CheckboxSize="32, 32" IsAutoCheckingEnabled="false" Margin="0, 10" VerticalAlignment="Center"/>
						</StackPanelWidget>

						<StackPanelWidget Direction="Horizontal" HorizontalAlignment="Center">
							<LabelWidget Text="[EditTruthTableDialog:17]" FontSpacing="12,0" FontScale="1.5" Color="128, 128, 128" TextureLinearFilter="false" Margin="10, 10" VerticalAlignment="Center"/>
							<CanvasWidget Size="80, 0" />
							<CheckboxWidget Name="EditTruthTableDialog.Line13" CheckboxSize="32, 32" IsAutoCheckingEnabled="false" Margin="0, 10" VerticalAlignment="Center"/>
						</StackPanelWidget>

						<StackPanelWidget Direction="Horizontal" HorizontalAlignment="Center">
							<LabelWidget Text="[EditTruthTableDialog:18]" FontSpacing="12,0" FontScale="1.5" Color="128, 128, 128" TextureLinearFilter="false" Margin="10, 10" VerticalAlignment="Center"/>
							<CanvasWidget Size="80, 0" />
							<CheckboxWidget Name="EditTruthTableDialog.Line14" CheckboxSize="32, 32" IsAutoCheckingEnabled="false" Margin="0, 10" VerticalAlignment="Center"/>
						</StackPanelWidget>

						<StackPanelWidget Direction="Horizontal" HorizontalAlignment="Center">
							<LabelWidget Text="[EditTruthTableDialog:19]" FontSpacing="12,0" FontScale="1.5" Color="128, 128, 128" TextureLinearFilter="false" Margin="10, 10" VerticalAlignment="Center"/>
							<CanvasWidget Size="80, 0" />
							<CheckboxWidget Name="EditTruthTableDialog.Line15" CheckboxSize="32, 32" IsAutoCheckingEnabled="false" Margin="0, 10" VerticalAlignment="Center"/>
						</StackPanelWidget>

					</StackPanelWidget>

				</ScrollPanelWidget>
			</CanvasWidget>

			<StackPanelWidget Name="EditTruthTableDialog.LinearPanel" Margin="20, 0" Direction="Vertical" HorizontalAlignment="Center">
				<CanvasWidget Size="0, Infinity" />
				<LabelWidget  Color="128, 128, 128" Text="[EditTruthTableDialog:20]" HorizontalAlignment="Center" TextAnchor="HorizontalCenter" WordWrap="true" />
				<CanvasWidget Size="0, 10" />
				<CanvasWidget Size="504, 54" HorizontalAlignment="Center">
          <BevelledRectangleWidget Style="{Styles/TextBoxArea}" />
					<TextBoxWidget Name="EditTruthTableDialog.LinearText" Size="500, 50" MaximumLength="16"  FontScale="1.5" TextureLinearFilter="false" Margin="2, 2" />
				</CanvasWidget>
				<CanvasWidget Size="0, Infinity" />
			</StackPanelWidget>

			<CanvasWidget Size="0, 15" />

			<StackPanelWidget Direction="Horizontal" HorizontalAlignment="Center">
				<BevelledButtonWidget Name="EditTruthTableDialog.OK" Style="{Styles/ButtonStyle_160x60}" Text="[EditTruthTableDialog:21]" Margin="20, 0" />
				<BevelledButtonWidget Name="EditTruthTableDialog.SwitchViewButton" Style="{Styles/ButtonStyle_160x60}" Margin="20, 0" />
				<BevelledButtonWidget Name="EditTruthTableDialog.Cancel" Style="{Styles/ButtonStyle_160x60}" Margin="20, 0" Text="[EditTruthTableDialog:22]"/>
			</StackPanelWidget>

		</StackPanelWidget>
	</CanvasWidget>

</CanvasWidget>
